set	sars_cov_2_genomic_position	protein_coordinate	protein	feature	cdr3_b_aa	v_b_gene	j_b_gene	pgen	radius	regex
1	RNP	DTDFVNEFY	RNP	1E6+TRBV18*01+CASYEGGTEAFF+28+([KSY][QELP]GGTEA)	CASYEGGTEAFF	TRBV18*01	TRBJ1-1*01	2.79542716764479e-09	28	([KSY][QELP]GGTEA)
1	ORF3	FTSDYYQLY	ORF3	1E6+TRBV7-3*01+CASSLGGSSTDTQYF+10+(SLGGS[NS]TDTQ)	CASSLGGSSTDTQYF	TRBV7-3*01	TRBJ2-3*01	2.09385267001484e-07	10	(SLGGS[NS]TDTQ)
1	ORF3	FTSDYYQLY	ORF3	1E6+TRBV7-3*01+CASSLGGASLETQYF+28+(S[LF]GG[AS]S[LT][DE]TQ)	CASSLGGASLETQYF	TRBV7-3*01	TRBJ2-5*01	4.71156132083029e-09	28	(S[LF]GG[AS]S[LT][DE]TQ)
1	ORF3	FTSDYYQLY	ORF3	1E6+TRBV7-3*01+CASSWGGSSTDTQYF+20+(S[LW]GGSSTDTQ)	CASSWGGSSTDTQYF	TRBV7-3*01	TRBJ2-3*01	6.57133617644151e-08	20	(S[LW]GGSSTDTQ)
1	ORF3	FTSDYYQLY	ORF3	1E6+TRBV3-1*01+CASSHGGDWDQPQHF+32+(S[QHL]GG[DE][FW][ND]QPQ)	CASSHGGDWDQPQHF	TRBV3-1*01	TRBJ1-5*01	1.27368644749195e-10	32	(S[QHL]GG[DE][FW][ND]QPQ)
1	ORF3	FTSDYYQLY	ORF3	1E6+TRBV3-1*01+CASSAGGDLNQPQHF+28+(S[AQL]GGD[LF]NQPQ)	CASSAGGDLNQPQHF	TRBV3-1*01	TRBJ1-5*01	2.79425384701624e-09	28	(S[AQL]GGD[LF]NQPQ)
1	ORF3	FTSDYYQLY	ORF3	1E6+TRBV5-1*01+CASSSWTGVGNEQYF+22+(S[LS]WTG[IMV]G[NY]EQ)	CASSSWTGVGNEQYF	TRBV5-1*01	TRBJ2-7*01	2.51285676590068e-10	22	(S[LS]WTG[IMV]G[NY]EQ)
1	Spike	LTDEMIAQY	Spike	1E6+TRBV29-1*01+CSAQTGWPYEQYF+16+([QGL][QT][AG]WPYEQ)	CSAQTGWPYEQYF	TRBV29-1*01	TRBJ2-7*01	2.42132520908107e-10	16	([QGL][QT][AG]WPYEQ)
1	Spike	LTDEMIAQY	Spike	1E6+TRBV29-1*01+CSVHQGWPYEQYF+16+([NQGHF][RQL]G[FW]PYEQ)	CSVHQGWPYEQYF	TRBV29-1*01	TRBJ2-7*01	2.03049327282888e-11	16	([NQGHF][RQL]G[FW]PYEQ)
1	Spike	LTDEMIAQY	Spike	1E6+TRBV29-1*01+CSVQQGWPYEQYF+16+([NQGHF][QT]GWPYEQ)	CSVQQGWPYEQYF	TRBV29-1*01	TRBJ2-7*01	4.41283204792989e-11	16	([NQGHF][QT]GWPYEQ)
1	Spike	LTDEMIAQY	Spike	1E6+TRBV29-1*01+CSAHRGWPYEQYF+20+([NGH][RQLK]G[FW]PYEQ)	CSAHRGWPYEQYF	TRBV29-1*01	TRBJ2-7*01	3.24758001866435e-10	20	([NGH][RQLK]G[FW]PYEQ)
1	Spike	LTDEMIAQY	Spike	1E6+TRBV19*01+CASMLRWANTGELFF+36+([ILMS].[AR].[ALM]NTGEL)	CASMLRWANTGELFF	TRBV19*01	TRBJ2-2*01	2.91406155399377e-11	36	([ILMS].[AR].[ALM]NTGEL)
1	Spike	LTDEMIAQY	Spike	1E6+TRBV19*01+CASMMASANTGELFF+36+([MS][ALMV][ARP][RNHSW]ANTGEL)	CASMMASANTGELFF	TRBV19*01	TRBJ2-2*01	1.19579001476358e-11	36	([MS][ALMV][ARP][RNHSW]ANTGEL)
1	Spike	LTDEMIAQY	Spike	1E6+TRBV4-1*01+CASSQGGDDTEAFF+20+(S[AQ]GGDDTEA)	CASSQGGDDTEAFF	TRBV4-1*01	TRBJ1-1*01	1.85050367223988e-08	20	(S[AQ]GGDDTEA)
1	Spike	LTDEMIAQY	Spike	1E6+TRBV19*01+CASMAPRANTGELFF+36+([MS][ALMV]?[AP]?[RNS]ANTGEL)	CASMAPRANTGELFF	TRBV19*01	TRBJ2-2*01	1.98203212127842e-10	36	([MS][ALMV]?[AP]?[RNS]ANTGEL)
1	Spike	LTDEMIAQY	Spike	1E6+TRBV7-6*01+CASSLEGIGGYTF+22+(SLEG[IV][GS]GY)	CASSLEGIGGYTF	TRBV7-6*01	TRBJ1-2*01	4.88644945726376e-09	22	(SLEG[IV][GS]GY)
1	Spike	LTDEMIAQY	Spike	1E6+TRBV27*01+CASSLATGSKYF+32+(S[LF][AS][QT]G[PS][QK])	CASSLATGSKYF	TRBV27*01	TRBJ2-7*01	6.27814546070027e-10	32	(S[LF][AS][QT]G[PS][QK])
1	Spike	LTDEMIAQY	Spike	1E6+TRBV7-9*01+CASSLALAGYSYNEQFF+26+(SLALAG[RIY][RNS]YNEQ)	CASSLALAGYSYNEQFF	TRBV7-9*01	TRBJ2-1*01	4.91890487370572e-09	26	(SLALAG[RIY][RNS]YNEQ)
1	Spike	LTDEMIAQY	Spike	1E6+TRBV29-1*01+CSVGKGWPYEQYF+10+(G[QK]GWPYEQ)	CSVGKGWPYEQYF	TRBV29-1*01	TRBJ2-7*01	8.35545886632969e-11	10	(G[QK]GWPYEQ)
1	Spike	LTDEMIAQY	Spike	1E6+TRBV19*01+CASMRRDLNTGELFF+34+([MS][RI]RD[ELM]NTGEL)	CASMRRDLNTGELFF	TRBV19*01	TRBJ2-2*01	1.10461253082129e-10	34	([MS][RI]RD[ELM]NTGEL)
1	Spike	LTDEMIAQY	Spike	1E6+TRBV7-6*01+CASSKLVANTGELFF+34+(S[LK]LVANTGEL)	CASSKLVANTGELFF	TRBV7-6*01	TRBJ2-2*01	3.07572143630222e-09	34	(S[LK]LVANTGEL)
1	NSP3	PTDNYITTY	NSP3	1E6+TRBV28*01+CASSQRTDSYEQYF+22+([NS].[ARK][ST][ND][AST]YEQ)	CASSQRTDSYEQYF	TRBV28*01	TRBJ2-7*01	2.66446015805465e-08	22	([NS].[ARK][ST][ND][AST]YEQ)
1	NSP3	PTDNYITTY	NSP3	1E6+TRBV28*01+CASSLSSNSYEQYF+20+(S[EHLF][RNS][ST][ND]SYEQ)	CASSLSSNSYEQYF	TRBV28*01	TRBJ2-7*01	1.78685414421029e-08	20	(S[EHLF][RNS][ST][ND]SYEQ)
1	NSP3	PTDNYITTY	NSP3	1E6+TRBV28*01+CASSFRSNSYEQYF+20+(S[LF][RKS][QST][ND]SYEQ)	CASSFRSNSYEQYF	TRBV28*01	TRBJ2-7*01	7.75760316797955e-09	20	(S[LF][RKS][QST][ND]SYEQ)
1	NSP3	PTDNYITTY	NSP3	1E6+TRBV28*01+CASSFKTDSYEQYF+16+(S[LF][RK][ST][ND][AST]YEQ)	CASSFKTDSYEQYF	TRBV28*01	TRBJ2-7*01	5.82725038969868e-09	16	(S[LF][RK][ST][ND][AST]YEQ)
1	NSP3	PTDNYITTY	NSP3	1E6+TRBV28*01+CASGLKTDSYEQYF+28+([GS][LF][RKS]T[ND][NS]YEQ)	CASGLKTDSYEQYF	TRBV28*01	TRBJ2-7*01	7.27681224007281e-10	28	([GS][LF][RKS]T[ND][NS]YEQ)
1	NSP3	PTDNYITTY	NSP3	1E6+TRBV28*01+CASSLNTNSYEQYF+20+(SL[RNKS][ST][ND]SYEQ)	CASSLNTNSYEQYF	TRBV28*01	TRBJ2-7*01	3.8725380616682e-09	20	(SL[RNKS][ST][ND]SYEQ)
1	NSP3	PTDNYITTY	NSP3	1E6+TRBV28*01+CASSRKTNSYEQYF+22+(S[RLF][RK]T[ND]SYEQ)	CASSRKTNSYEQYF	TRBV28*01	TRBJ2-7*01	2.37758958961041e-09	22	(S[RLF][RK]T[ND]SYEQ)
1	NSP3	PTDNYITTY	NSP3	1E6+TRBV28*01+CASSFSSNSYEQYF+16+(S[EHLF][RS]SNSYEQ)	CASSFSSNSYEQYF	TRBV28*01	TRBJ2-7*01	6.09179444039116e-09	16	(S[EHLF][RS]SNSYEQ)
1	NSP3	PTDNYITTY	NSP3	1E6+TRBV28*01+CASSFRSDSYEQYF+16+(SF[RK][ST][ND]SYEQ)	CASSFRSDSYEQYF	TRBV28*01	TRBJ2-7*01	1.43454961968232e-08	16	(SF[RK][ST][ND]SYEQ)
1	NSP3	PTDNYITTY	NSP3	1E6+TRBV28*01+CASSLRTNSYEQYF+10+(SL[RK][ST][ND]SYEQ)	CASSLRTNSYEQYF	TRBV28*01	TRBJ2-7*01	3.38330165965355e-08	10	(SL[RK][ST][ND]SYEQ)
1	NSP3	PTDNYITTY	NSP3	1E6+TRBV7-8*01+CASSFIGNQPQHF+22+(S[LF][IL]GNQPQ)	CASSFIGNQPQHF	TRBV7-8*01	TRBJ1-5*01	5.67983725855925e-08	22	(S[LF][IL]GNQPQ)
1	NSP3	PTDNYITTY	NSP3	1E6+TRBV28*01+CASSLRTDHHEQYF+22+(SLRTD[HFS][HY]EQ)	CASSLRTDHHEQYF	TRBV28*01	TRBJ2-7*01	1.9592001941369e-10	22	(SLRTD[HFS][HY]EQ)
1	NSP3	PTDNYITTY	NSP3	1E6+TRBV28*01+CASSKATDSYEQYF+22+(S[QLK][ARS]TDSYEQ)	CASSKATDSYEQYF	TRBV28*01	TRBJ2-7*01	2.39514770148884e-09	22	(S[QLK][ARS]TDSYEQ)
1	NSP3	TTDPSFLGRY	NSP3	1E6+TRBV27*01+CASSASAPQETQYF+28+([AS].[RGST][AGS]PQETQ)	CASSASAPQETQYF	TRBV27*01	TRBJ2-5*01	3.36782796338178e-09	28	([AS].[RGST][AGS]PQETQ)
1	NSP3	TTDPSFLGRY	NSP3	1E6+TRBV27*01+CASSQRSGFDEQFF+32+(S.[RS][GS]G.D[ET]Q)	CASSQRSGFDEQFF	TRBV27*01	TRBJ2-1*01	2.2154699022024e-10	32	(S.[RS][GS]G.D[ET]Q)
1	NSP3	TTDPSFLGRY	NSP3	1E6+TRBV27*01+CASSLSAPQETQYF+20+(S[ALF][GST][AGS]P[QI][DE][ET]Q)	CASSLSAPQETQYF	TRBV27*01	TRBJ2-5*01	1.28620540244974e-08	20	(S[ALF][GST][AGS]P[QI][DE][ET]Q)
1	NSP3	TTDPSFLGRY	NSP3	1E6+TRBV27*01+CASSYRSGSDEQFF+22+(S.RSG.D[ET]Q)	CASSYRSGSDEQFF	TRBV27*01	TRBJ2-1*01	1.30023509049292e-09	22	(S.RSG.D[ET]Q)
1	NSP3	TTDPSFLGRY	NSP3	1E6+TRBV27*01+CASSTRSGNDEQFF+32+(S[LPSTY]RSG.DEQ)	CASSTRSGNDEQFF	TRBV27*01	TRBJ2-1*01	1.50858576433932e-10	32	(S[LPSTY]RSG.DEQ)
1	NSP3	TTDPSFLGRY	NSP3	1E6+TRBV27*01+CASSHRSGNDEQFF+28+(S[HLPSY]RSG.DEQ)	CASSHRSGNDEQFF	TRBV27*01	TRBJ2-1*01	2.23488268472082e-10	28	(S[HLPSY]RSG.DEQ)
1	NSP3	TTDPSFLGRY	NSP3	1E6+TRBV27*01+CASSLSSPQETQYF+20+(S[LST][ST][AGS][GIPS]Q[DE]TQ)	CASSLSSPQETQYF	TRBV27*01	TRBJ2-5*01	2.04450309569176e-08	20	(S[LST][ST][AGS][GIPS]Q[DE]TQ)
1	NSP3	TTDPSFLGRY	NSP3	1E6+TRBV27*01+CASSLSSIQETQYF+22+(SLS[AGS][GILPS]Q[DE]TQ)	CASSLSSIQETQYF	TRBV27*01	TRBJ2-5*01	9.89412005780202e-09	22	(SLS[AGS][GILPS]Q[DE]TQ)
1	NSP3	TTDPSFLGRY	NSP3	1E6+TRBV27*01+CASSDRGPTDTQYF+16+([GST][DQLS]R[ADG]P[ARLT]D[ET]Q)	CASSDRGPTDTQYF	TRBV27*01	TRBJ2-3*01	1.03280661844258e-07	16	([GST][DQLS]R[ADG]P[ARLT]D[ET]Q)
1	NSP3	TTDPSFLGRY	NSP3	1E6+TRBV27*01+CASSTGAPQETQYF+22+(S.[RGST][AS]PQETQ)	CASSTGAPQETQYF	TRBV27*01	TRBJ2-5*01	2.21372716921709e-08	22	(S.[RGST][AS]PQETQ)
1	NSP3	TTDPSFLGRY	NSP3	1E6+TRBV27*01+CASSDGAPQETQYF+22+([AS].[GS][AS]PQETQ)	CASSDGAPQETQYF	TRBV27*01	TRBJ2-5*01	9.06619153236931e-09	22	([AS].[GS][AS]PQETQ)
1	NSP3	TTDPSFLGRY	NSP3	1E6+TRBV27*01+CASGDRGPVDTQYF+32+([GST][DE]RG[QGP].DTQ)	CASGDRGPVDTQYF	TRBV27*01	TRBJ2-3*01	2.28041819173535e-10	32	([GST][DE]RG[QGP].DTQ)
1	NSP3	TTDPSFLGRY	NSP3	1E6+TRBV27*01+CASSYRSGLDEQYF+22+(S.R[AS]G.DEQ)	CASSYRSGLDEQYF	TRBV27*01	TRBJ2-7*01	2.37540402098979e-09	22	(S.R[AS]G.DEQ)
1	NSP3	TTDPSFLGRY	NSP3	1E6+TRBV27*01+CASSLSGPVDTQYF+20+(SLS[AG]P[QILV][DE][ET]Q)	CASSLSGPVDTQYF	TRBV27*01	TRBJ2-3*01	4.61765050564138e-09	20	(SLS[AG]P[QILV][DE][ET]Q)
1	NSP3	TTDPSFLGRY	NSP3	1E6+TRBV27*01+CASSDRGPLDTQYF+22+([GST][DS]RG[QP].DTQ)	CASSDRGPLDTQYF	TRBV27*01	TRBJ2-3*01	6.58376359208571e-09	22	([GST][DS]RG[QP].DTQ)
1	NSP3	TTDPSFLGRY	NSP3	1E6+TRBV27*01+CASGERGGPDTQYF+28+([GST].RGG[APS][DE][ET]Q)	CASGERGGPDTQYF	TRBV27*01	TRBJ2-3*01	6.46444484351532e-10	28	([GST].RGG[APS][DE][ET]Q)
1	NSP3	TTDPSFLGRY	NSP3	1E6+TRBV27*01+CATSDRGPFDEQFF+28+(S[DS]RGP.[ND][ET]Q)	CATSDRGPFDEQFF	TRBV27*01	TRBJ2-1*01	8.31659126579492e-11	28	(S[DS]RGP.[ND][ET]Q)
1	NSP3	TTDPSFLGRY	NSP3	1E6+TRBV27*01+CASSLSSGWDTQYF+20+(S[LV]SSG.[DE][ET]Q)	CASSLSSGWDTQYF	TRBV27*01	TRBJ2-3*01	3.93052094791274e-09	20	(S[LV]SSG.[DE][ET]Q)
1	NSP3	TTDPSFLGRY	NSP3	1E6+TRBV27*01+CASSDRSGSDTQYF+22+(S.R[AQS]G[AST]DTQ)	CASSDRSGSDTQYF	TRBV27*01	TRBJ2-3*01	4.36304172378515e-09	22	(S.R[AQS]G[AST]DTQ)
1	NSP3	TTDPSFLGRY	NSP3	1E6+TRBV27*01+CASSDRGQVDTQYF+26+([GS]DRG[QGMP].DTQ)	CASSDRGQVDTQYF	TRBV27*01	TRBJ2-3*01	2.90646906258142e-09	26	([GS]DRG[QGMP].DTQ)
1	NSP3	TTDPSFLGRY	NSP3	1E6+TRBV27*01+CASSSRGGPDTQYF+20+(S.RGG[PW][DE][ET]Q)	CASSSRGGPDTQYF	TRBV27*01	TRBJ2-3*01	1.04434334669893e-07	20	(S.RGG[PW][DE][ET]Q)
1	NSP3	TTDPSFLGRY	NSP3	1E6+TRBV27*01+CATSVSSGFDTQYF+22+(S[LV]SSG.D[ET]Q)	CATSVSSGFDTQYF	TRBV27*01	TRBJ2-3*01	7.77543458468715e-11	22	(S[LV]SSG.D[ET]Q)
1	NSP3	TTDPSFLGRY	NSP3	1E6+TRBV27*01+CASSPGAPQETQYF+22+(S.[RG][AS][IP][QH]ETQ)	CASSPGAPQETQYF	TRBV27*01	TRBJ2-5*01	5.19927205497954e-08	22	(S.[RG][AS][IP][QH]ETQ)
1	NSP3	TTDPSFLGRY	NSP3	1E6+TRBV27*01+CATSDRGPADTQYF+22+([ST][DEFY]RG[GMP][ARLST][DE]TQ)	CATSDRGPADTQYF	TRBV27*01	TRBJ2-3*01	4.0027850999917e-09	22	([ST][DEFY]RG[GMP][ARLST][DE]TQ)
1	NSP3	TTDPSFLGRY	NSP3	1E6+TRBV27*01+CASSERSGLDEQYF+22+(S.R[AS]G[GILFV]DEQ)	CASSERSGLDEQYF	TRBV27*01	TRBJ2-7*01	1.55929685344879e-09	22	(S.R[AS]G[GILFV]DEQ)
1	NSP3	TTDPSFLGRY	NSP3	1E6+TRBV27*01+CASSARGGPDTQYF+22+([ST].RGGP[DE][ET]Q)	CASSARGGPDTQYF	TRBV27*01	TRBJ2-3*01	4.52850615287599e-08	22	([ST].RGGP[DE][ET]Q)
1	NSP3	TTDPSFLGRY	NSP3	1E6+TRBV27*01+CASSLRSGLDEQFF+20+(S[ELMPY]RSG[QILS]D[ET]Q)	CASSLRSGLDEQFF	TRBV27*01	TRBJ2-1*01	4.74616947748208e-09	20	(S[ELMPY]RSG[QILS]D[ET]Q)
1	NSP3	TTDPSFLGRY	NSP3	1E6+TRBV28*01+CASSWTDGAYEQYF+22+(SWT[DQES]G[ADS]YEQ)	CASSWTDGAYEQYF	TRBV28*01	TRBJ2-7*01	3.79723241275721e-09	22	(SWT[DQES]G[ADS]YEQ)
1	NSP3	TTDPSFLGRY	NSP3	1E6+TRBV27*01+CASSPRSGIDEQFF+22+(S[ELPY]RS[GS][GILFV]DEQ)	CASSPRSGIDEQFF	TRBV27*01	TRBJ2-1*01	9.83095491775453e-10	22	(S[ELPY]RS[GS][GILFV]DEQ)
1	NSP3	TTDPSFLGRY	NSP3	1E6+TRBV27*01+CASSLSSGLDTQYF+20+(SL[RGS]SG.[DE]TQ)	CASSLSSGLDTQYF	TRBV27*01	TRBJ2-3*01	2.49708498028963e-08	20	(SL[RGS]SG.[DE]TQ)
1	NSP3	TTDPSFLGRY	NSP3	1E6+TRBV27*01+CASSDRGPRDTQYF+22+([ST][DE]RGP[ARQLT][DE]TQ)	CASSDRGPRDTQYF	TRBV27*01	TRBJ2-3*01	9.16814425221417e-09	22	([ST][DE]RGP[ARQLT][DE]TQ)
1	NSP3	TTDPSFLGRY	NSP3	1E6+TRBV27*01+CASSDTHSNQPQHF+22+([AS][DEGLP][ST]HSNQPQ)	CASSDTHSNQPQHF	TRBV27*01	TRBJ1-5*01	2.10797067179875e-08	22	([AS][DEGLP][ST]HSNQPQ)
1	NSP3	TTDPSFLGRY	NSP3	1E6+TRBV27*01+CASSGTHSNQPQHF+22+([AS][DEGLP][ST]HSNQPQ)	CASSGTHSNQPQHF	TRBV27*01	TRBJ1-5*01	1.01005164141748e-07	22	([AS][DEGLP][ST]HSNQPQ)
1	NSP3	TTDPSFLGRY	NSP3	1E6+TRBV27*01+CASSQSSGHDEQYF+32+(S[QEL][ARS]SG[HLFWY][ND]EQ)	CASSQSSGHDEQYF	TRBV27*01	TRBJ2-7*01	1.03551401393798e-09	32	(S[QEL][ARS]SG[HLFWY][ND]EQ)
1	NSP3	TTDPSFLGRY	NSP3	1E6+TRBV27*01+CASSLSAPIDTQYF+22+(SLS[AG]P[QIV][DE]TQ)	CASSLSAPIDTQYF	TRBV27*01	TRBJ2-3*01	3.42535472327842e-10	22	(SLS[AG]P[QIV][DE]TQ)
1	NSP3	TTDPSFLGRY	NSP3	1E6+TRBV27*01+CASSSRAPQETQYF+22+(S[APST][RGST][ADS]PQETQ)	CASSSRAPQETQYF	TRBV27*01	TRBJ2-5*01	2.69194138127027e-08	22	(S[APST][RGST][ADS]PQETQ)
1	NSP3	TTDPSFLGRY	NSP3	1E6+TRBV9*01+CASSAGDSHGYTF+22+(SAGD[NGSY]?[NDHY]GY)	CASSAGDSHGYTF	TRBV9*01	TRBJ1-2*01	4.22372531144334e-09	22	(SAGD[NGSY]?[NDHY]GY)
1	NSP3	TTDPSFLGRY	NSP3	1E6+TRBV27*01+CASSLSHSSTDTQYF+22+(S[ILP][DST]H[AS]?STDTQ)	CASSLSHSSTDTQYF	TRBV27*01	TRBJ2-3*01	4.8506891277394e-09	22	(S[ILP][DST]H[AS]?STDTQ)
1	NSP3	TTDPSFLGRY	NSP3	1E6+TRBV27*01+CASSTRAPQETQYF+22+(S[PST][RGST][ADS]PQETQ)	CASSTRAPQETQYF	TRBV27*01	TRBJ2-5*01	1.08113436988518e-08	22	(S[PST][RGST][ADS]PQETQ)
1	NSP3	TTDPSFLGRY	NSP3	1E6+TRBV9*01+CASSAGDRIGYTF+28+(SAGD..GY)	CASSAGDRIGYTF	TRBV9*01	TRBJ1-2*01	2.1905178378406e-09	28	(SAGD..GY)
1	NSP3	TTDPSFLGRY	NSP3	1E6+TRBV27*01+CASSSRSGTDTQYF+20+(S[LPSY]R[DS]G[ALST]DTQ)	CASSSRSGTDTQYF	TRBV27*01	TRBJ2-3*01	7.19997938876135e-08	20	(S[LPSY]R[DS]G[ALST]DTQ)
1	NSP3	TTDPSFLGRY	NSP3	1E6+TRBV27*01+CASSDRGPTDEQYF+22+([ST]DRGP[NIFT][ND][ET]Q)	CASSDRGPTDEQYF	TRBV27*01	TRBJ2-7*01	1.87715916191005e-09	22	([ST]DRGP[NIFT][ND][ET]Q)
1	NSP3	TTDPSFLGRY	NSP3	1E6+TRBV27*01+CASSLSSGWDEQFF+20+(SLSSG[FWY][ND][ET]Q)	CASSLSSGWDEQFF	TRBV27*01	TRBJ2-1*01	4.05196233784816e-09	20	(SLSSG[FWY][ND][ET]Q)
1	NSP3	TTDPSFLGRY	NSP3	1E6+TRBV28*01+CASSWTSGSYEQYF+16+(S[FW]T[DES]GS[HY]EQ)	CASSWTSGSYEQYF	TRBV28*01	TRBJ2-7*01	2.78013457304526e-07	16	(S[FW]T[DES]GS[HY]EQ)
1	NSP3	TTDPSFLGRY	NSP3	1E6+TRBV27*01+CASSPRSGGDEQFF+20+(S[DFP]R[QSW]G[GIF]DEQ)	CASSPRSGGDEQFF	TRBV27*01	TRBJ2-1*01	6.71334184516171e-09	20	(S[DFP]R[QSW]G[GIF]DEQ)
1	NSP3	TTDPSFLGRY	NSP3	1E6+TRBV27*01+CASSPSHSTDTQYF+20+([AS][ILP][ST]HSTDTQ)	CASSPSHSTDTQYF	TRBV27*01	TRBJ2-3*01	1.27665321532247e-08	20	([AS][ILP][ST]HSTDTQ)
1	NSP3	TTDPSFLGRY	NSP3	1E6+TRBV27*01+CASSPTHSNQPQHF+20+(S[DEGLP][EST][HY]SNQPQ)	CASSPTHSNQPQHF	TRBV27*01	TRBJ1-5*01	5.9586995403433e-08	20	(S[DEGLP][EST][HY]SNQPQ)
1	NSP3	TTDPSFLGRY	NSP3	1E6+TRBV19*01+CASSTGYSNQPQHF+16+(S[EGMST][AGLV]YSNQPQ)	CASSTGYSNQPQHF	TRBV19*01	TRBJ1-5*01	5.64843446512619e-07	16	(S[EGMST][AGLV]YSNQPQ)
1	NSP3	TTDPSFLGRY	NSP3	1E6+TRBV27*01+CASADSHSNQPQHF+26+([AS][DEGLP][ST]HSNQPQ)	CASADSHSNQPQHF	TRBV27*01	TRBJ1-5*01	2.22326414259667e-09	26	([AS][DEGLP][ST]HSNQPQ)
1	NSP3	TTDPSFLGRY	NSP3	1E6+TRBV28*01+CASSAGYSNQPQHF+16+([GS][AGLPT]GYSNQPQ)	CASSAGYSNQPQHF	TRBV28*01	TRBJ1-5*01	3.75823221281703e-07	16	([GS][AGLPT]GYSNQPQ)
1	NSP3	TTDPSFLGRY	NSP3	1E6+TRBV27*01+CASSERGGADTQYF+20+(S[DEL]R[GS][GP][AP]DTQ)	CASSERGGADTQYF	TRBV27*01	TRBJ2-3*01	6.44341029932699e-08	20	(S[DEL]R[GS][GP][AP]DTQ)
1	NSP3	TTDPSFLGRY	NSP3	1E6+TRBV27*01+CASSSRSGADTQYF+20+(S[ELFS]RSG[ALST]DTQ)	CASSSRSGADTQYF	TRBV27*01	TRBJ2-3*01	1.22184166684701e-08	20	(S[ELFS]RSG[ALST]DTQ)
1	NSP3	TTDPSFLGRY	NSP3	1E6+TRBV19*01+CASNEGYSNQPQHF+26+([NS][EGMST]GYSNQPQ)	CASNEGYSNQPQHF	TRBV19*01	TRBJ1-5*01	1.24343095045895e-08	26	([NS][EGMST]GYSNQPQ)
1	NSP3	TTDPSFLGRY	NSP3	1E6+TRBV6-5*01+CASNQGYSNQPQHF+22+([NES][AQEPT]G[HY]SNQPQ)	CASNQGYSNQPQHF	TRBV6-5*01	TRBJ1-5*01	4.00706593452489e-08	22	([NES][AQEPT]G[HY]SNQPQ)
1	NSP3	TTDPSFLGRY	NSP3	1E6+TRBV27*01+CASSPRSPQETQYF+22+(S[PST][RG][AST][PS]QETQ)	CASSPRSPQETQYF	TRBV27*01	TRBJ2-5*01	1.54022308275667e-08	22	(S[PST][RG][AST][PS]QETQ)
1	NSP3	TTDPSFLGRY	NSP3	1E6+TRBV27*01+CASSDRGPNQPQHF+16+(S[DE]RG[PS]NQPQ)	CASSDRGPNQPQHF	TRBV27*01	TRBJ1-5*01	1.94051941717628e-07	16	(S[DE]RG[PS]NQPQ)
1	NSP3	TTDPSFLGRY	NSP3	1E6+TRBV27*01+CASSPRGGPDTQYF+22+([ST].RGG[PT][DE]TQ)	CASSPRGGPDTQYF	TRBV27*01	TRBJ2-3*01	1.32095121094046e-07	22	([ST].RGG[PT][DE]TQ)
1	NSP3	TTDPSFLGRY	NSP3	1E6+TRBV27*01+CASSFRDGGDTQYF+16+(S[LFY]RD[GP][GT]D[ET]Q)	CASSFRDGGDTQYF	TRBV27*01	TRBJ2-3*01	5.32885029719902e-09	16	(S[LFY]RD[GP][GT]D[ET]Q)
1	NSP3	TTDPSFLGRY	NSP3	1E6+TRBV6-5*01+CASNPGHSNQPQHF+22+([NS][AQP]G[AHTYV]SNQPQ)	CASNPGHSNQPQHF	TRBV6-5*01	TRBJ1-5*01	2.2576913120354e-08	22	([NS][AQP]G[AHTYV]SNQPQ)
1	NSP3	TTDPSFLGRY	NSP3	1E6+TRBV27*01+CASSERGGPDEQFF+22+(S[DEFS]RGGPD[ET]Q)	CASSERGGPDEQFF	TRBV27*01	TRBJ2-1*01	8.85952636434912e-09	22	(S[DEFS]RGGPD[ET]Q)
1	NSP3	TTDPSFLGRY	NSP3	1E6+TRBV27*01+CASSLSGPWYQETQYF+34+(SLS[GH]P[W]?[Y]?QETQ)	CASSLSGPWYQETQYF	TRBV27*01	TRBJ2-5*01	4.62687865026316e-10	34	(SLS[GH]P[W]?[Y]?QETQ)
1	NSP3	TTDPSFLGRY	NSP3	1E6+TRBV27*01+CASSPSHSSTDTQYF+22+([AS][LP][ST]H[S]?STDTQ)	CASSPSHSSTDTQYF	TRBV27*01	TRBJ2-3*01	2.26218662080418e-09	22	([AS][LP][ST]H[S]?STDTQ)
1	NSP3	TTDPSFLGRY	NSP3	1E6+TRBV27*01+CASSSRGPMDTQYF+22+(S[DS]RGP[LMT]DTQ)	CASSSRGPMDTQYF	TRBV27*01	TRBJ2-3*01	4.52934814906329e-10	22	(S[DS]RGP[LMT]DTQ)
1	NSP3	TTDPSFLGRY	NSP3	1E6+TRBV27*01+CASSARDGVDEQYF+26+(S[ALTY]R[DS]G[GV]DEQ)	CASSARDGVDEQYF	TRBV27*01	TRBJ2-7*01	4.59185040456922e-10	26	(S[ALTY]R[DS]G[GV]DEQ)
1	NSP3	TTDPSFLGRY	NSP3	1E6+TRBV27*01+CASSERSGADTQYF+22+(S[DELFS]R[GS]G[AS]DTQ)	CASSERSGADTQYF	TRBV27*01	TRBJ2-3*01	7.21656665949868e-09	22	(S[DELFS]R[GS]G[AS]DTQ)
1	NSP3	TTDPSFLGRY	NSP3	1E6+TRBV27*01+CASSGAGPQETQYF+22+([AS][GL][AS]GPQETQ)	CASSGAGPQETQYF	TRBV27*01	TRBJ2-5*01	3.23984816706964e-08	22	([AS][GL][AS]GPQETQ)
1	NSP3	TTDPSFLGRY	NSP3	1E6+TRBV27*01+CASSSRSGLDTQYF+22+(S[LS]R[AS]G[AGLST]DTQ)	CASSSRSGLDTQYF	TRBV27*01	TRBJ2-3*01	3.87462533216333e-09	22	(S[LS]R[AS]G[AGLST]DTQ)
1	NSP3	TTDPSFLGRY	NSP3	1E6+TRBV27*01+CASSSRGGPDEQFF+20+(S[EFS]RG[GP]PD[ET]Q)	CASSSRGGPDEQFF	TRBV27*01	TRBJ2-1*01	1.64659346853618e-08	20	(S[EFS]RG[GP]PD[ET]Q)
1	NSP3	TTDPSFLGRY	NSP3	1E6+TRBV27*01+CASSLRSGLDTQYF+16+(S[LS][RGS]SG[ALT]D[ET]Q)	CASSLRSGLDTQYF	TRBV27*01	TRBJ2-3*01	9.15807895275685e-09	16	(S[LS][RGS]SG[ALT]D[ET]Q)
1	NSP3	TTDPSFLGRY	NSP3	1E6+TRBV27*01+CASSVSDGPRETQYF+32+(S[LV]S[DE]?G[P]?[RQ]ETQ)	CASSVSDGPRETQYF	TRBV27*01	TRBJ2-5*01	5.28841901746345e-11	32	(S[LV]S[DE]?G[P]?[RQ]ETQ)
1	NSP3	TTDPSFLGRY	NSP3	1E6+TRBV27*01+CASSISHSTDTQYF+16+(S[ILP][ST]HSTDTQ)	CASSISHSTDTQYF	TRBV27*01	TRBJ2-3*01	3.18171515154843e-09	16	(S[ILP][ST]HSTDTQ)
1	NSP3	TTDPSFLGRY	NSP3	1E6+TRBV27*01+CASSDRAANTEAFF+32+([GS][DE]R[ADQG][AGLMP]NTEA)	CASSDRAANTEAFF	TRBV27*01	TRBJ1-1*01	3.73637683818451e-08	32	([GS][DE]R[ADQG][AGLMP]NTEA)
1	NSP3	TTDPSFLGRY	NSP3	1E6+TRBV27*01+CASSPTHSTDTQYF+20+([AS][LP][ST][EH]STDTQ)	CASSPTHSTDTQYF	TRBV27*01	TRBJ2-3*01	9.13906319004709e-09	20	([AS][LP][ST][EH]STDTQ)
1	NSP3	TTDPSFLGRY	NSP3	1E6+TRBV27*01+CASADRGHNQPQHF+22+([AS]DRG[HPS]NQPQ)	CASADRGHNQPQHF	TRBV27*01	TRBJ1-5*01	2.14806496176969e-09	22	([AS]DRG[HPS]NQPQ)
1	NSP3	TTDPSFLGRY	NSP3	1E6+TRBV14*01+CASSQDMGAGYTF+16+(SQDMG[AFY]GY)	CASSQDMGAGYTF	TRBV14*01	TRBJ1-2*01	3.6438254878999e-09	16	(SQDMG[AFY]GY)
1	NSP3	TTDPSFLGRY	NSP3	1E6+TRBV27*01+CATAGSHSNQPQHF+22+([AS][DGLP][ST]HSNQPQ)	CATAGSHSNQPQHF	TRBV27*01	TRBJ1-5*01	1.18750521440428e-09	22	([AS][DGLP][ST]HSNQPQ)
1	NSP3	TTDPSFLGRY	NSP3	1E6+TRBV27*01+CASSDRTSEETQYF+22+(S[DPS][RG][DT]S[QEK]ETQ)	CASSDRTSEETQYF	TRBV27*01	TRBJ2-5*01	8.26683204457637e-09	22	(S[DPS][RG][DT]S[QEK]ETQ)
1	NSP3	TTDPSFLGRY	NSP3	1E6+TRBV27*01+CASSDRASNQPQHF+20+(S[DE]R[AQGF][GS]NQPQ)	CASSDRASNQPQHF	TRBV27*01	TRBJ1-5*01	3.0749288227154e-07	20	(S[DE]R[AQGF][GS]NQPQ)
1	NSP3	TTDPSFLGRY	NSP3	1E6+TRBV27*01+CASSPRGDPNEKLFF+32+(S[DLP]RG[DS]?[P]?NEKL)	CASSPRGDPNEKLFF	TRBV27*01	TRBJ1-4*01	5.96666473391028e-09	32	(S[DLP]RG[DS]?[P]?NEKL)
1	NSP3	TTDPSFLGRY	NSP3	1E6+TRBV27*01+CASSSTESTDTQYF+20+(S[AQLPS]T[DQE]STDTQ)	CASSSTESTDTQYF	TRBV27*01	TRBJ2-3*01	2.46522689376473e-08	20	(S[AQLPS]T[DQE]STDTQ)
1	NSP3	TTDPSFLGRY	NSP3	1E6+TRBV27*01+CASSSRAGGDTQYF+22+(S[HS]R[AS]G[AGLST]DTQ)	CASSSRAGGDTQYF	TRBV27*01	TRBJ2-3*01	1.28060066213462e-08	22	(S[HS]R[AS]G[AGLST]DTQ)
1	NSP3	TTDPSFLGRY	NSP3	1E6+TRBV27*01+CASSDRGPLSTDTQYF+32+(SDRGP[L]?[S]?[T]?DTQ)	CASSDRGPLSTDTQYF	TRBV27*01	TRBJ2-3*01	2.57559035808354e-09	32	(SDRGP[L]?[S]?[T]?DTQ)
1	NSP3	TTDPSFLGRY	NSP3	1E6+TRBV27*01+CASSLRDGGDEQYF+22+(S[LTY]RD[GP]GD[ET]Q)	CASSLRDGGDEQYF	TRBV27*01	TRBJ2-7*01	6.65303408850093e-09	22	(S[LTY]RD[GP]GD[ET]Q)
1	NSP3	TTDPSFLGRY	NSP3	1E6+TRBV27*01+CASSYRDGTDTQYF+14+(S[QFSY]R[DS][GY]TDTQ)	CASSYRDGTDTQYF	TRBV27*01	TRBJ2-3*01	5.79536984465272e-08	14	(S[QFSY]R[DS][GY]TDTQ)
1	NSP3	TTDPSFLGRY	NSP3	1E6+TRBV5-8*01+CASSLSDSYEQYF+20+(SL[AGST][DEG][AS]YEQ)	CASSLSDSYEQYF	TRBV5-8*01	TRBJ2-7*01	3.36120400558028e-07	20	(SL[AGST][DEG][AS]YEQ)
1	NSP3	TTDPSFLGRY	NSP3	1E6+TRBV5-8*01+CASSFQDSYEQYF+26+(S[LFW][AQGST]DSYEQ)	CASSFQDSYEQYF	TRBV5-8*01	TRBJ2-7*01	7.97349587018019e-08	26	(S[LFW][AQGST]DSYEQ)
1	NSP3	TTDPSFLGRY	NSP3	1E6+TRBV27*01+CASSPTESTDTQYF+20+(S[AQLPS][RT][DQEH]STDTQ)	CASSPTESTDTQYF	TRBV27*01	TRBJ2-3*01	3.35486567358516e-08	20	(S[AQLPS][RT][DQEH]STDTQ)
1	NSP3	TTDPSFLGRY	NSP3	1E6+TRBV27*01+CASSSRAGSTDTQYF+22+(S[PS]R[AS][AG][AS]?[T]?DTQ)	CASSSRAGSTDTQYF	TRBV27*01	TRBJ2-3*01	2.85369616799002e-08	22	(S[PS]R[AS][AG][AS]?[T]?DTQ)
1	NSP3	TTDPSFLGRY	NSP3	1E6+TRBV27*01+CASSDRDPTDTQYF+22+([ST]DR[ADG][PS]TDTQ)	CASSDRDPTDTQYF	TRBV27*01	TRBJ2-3*01	2.31004491782027e-08	22	([ST]DR[ADG][PS]TDTQ)
1	NSP3	TTDPSFLGRY	NSP3	1E6+TRBV27*01+CASSDRATNEKLFF+22+(S[DFST]RA[AT]NEKL)	CASSDRATNEKLFF	TRBV27*01	TRBJ1-4*01	3.38227227487634e-07	22	(S[DFST]RA[AT]NEKL)
1	NSP3	TTDPSFLGRY	NSP3	1E6+TRBV27*01+CASSDRDSKETQYF+22+(S[DQP]R[DT]S[QEKT][DE]TQ)	CASSDRDSKETQYF	TRBV27*01	TRBJ2-5*01	9.28612503179681e-09	22	(S[DQP]R[DT]S[QEKT][DE]TQ)
1	NSP3	TTDPSFLGRY	NSP3	1E6+TRBV27*01+CASSPRTSQETQYF+20+(S[DPS]R[DT]S[QE]ETQ)	CASSPRTSQETQYF	TRBV27*01	TRBJ2-5*01	5.47671627457131e-08	20	(S[DPS]R[DT]S[QE]ETQ)
1	NSP3	TTDPSFLGRY	NSP3	1E6+TRBV27*01+CASGDRGANTEAFF+32+([GS][DE]R[AQG][ALP]NTEA)	CASGDRGANTEAFF	TRBV27*01	TRBJ1-1*01	1.05804030441437e-08	32	([GS][DE]R[AQG][ALP]NTEA)
1	NSP3	TTDPSFLGRY	NSP3	1E6+TRBV28*01+CASSFPLGGYGYTF+22+(S[LF][PS]LGGYGY)	CASSFPLGGYGYTF	TRBV28*01	TRBJ1-2*01	1.39414425697846e-08	22	(S[LF][PS]LGGYGY)
1	NSP3	TTDPSFLGRY	NSP3	1E6+TRBV15*01+CATSSDTGGSTDTQYF+34+(S[RES]D[LST]GG[RST]TDTQ)	CATSSDTGGSTDTQYF	TRBV15*01	TRBJ2-3*01	4.72848910987819e-11	34	(S[RES]D[LST]GG[RST]TDTQ)
1	NSP3	TTDPSFLGRY	NSP3	1E6+TRBV27*01+CASGGRDGGDEQYF+32+([GS][GLTY]RDGGDEQ)	CASGGRDGGDEQYF	TRBV27*01	TRBJ2-7*01	9.1258571219863e-11	32	([GS][GLTY]RDGGDEQ)
1	NSP3	TTDPSFLGRY	NSP3	1E6+TRBV27*01+CASSSRTSQETQYF+22+(S[DPS]RTS[QEV][DE]TQ)	CASSSRTSQETQYF	TRBV27*01	TRBJ2-5*01	4.34528928989488e-08	22	(S[DPS]RTS[QEV][DE]TQ)
1	NSP3	TTDPSFLGRY	NSP3	1E6+TRBV27*01+CASSPRTASNEKLFF+22+(SP[RK][T]?A[AST]NEKL)	CASSPRTASNEKLFF	TRBV27*01	TRBJ1-4*01	4.99512964186919e-09	22	(SP[RK][T]?A[AST]NEKL)
1	NSP3	TTDPSFLGRY	NSP3	1E6+TRBV27*01+CASSGDSPYEQYF+20+(S[GLP]DSPYEQ)	CASSGDSPYEQYF	TRBV27*01	TRBJ2-7*01	1.54272798971879e-07	20	(S[GLP]DSPYEQ)
1	NSP3	TTDPSFLGRY	NSP3	1E6+TRBV27*01+CASSSRSGSDTQYF+20+(S[DS]RSG[ALST]DTQ)	CASSSRSGSDTQYF	TRBV27*01	TRBJ2-3*01	7.37595659024364e-09	20	(S[DS]RSG[ALST]DTQ)
1	NSP3	TTDPSFLGRY	NSP3	1E6+TRBV27*01+CASSYRDYTDTQYF+16+(S[FY]RD[GY][LT]DTQ)	CASSYRDYTDTQYF	TRBV27*01	TRBJ2-3*01	1.88451909767041e-08	16	(S[FY]RD[GY][LT]DTQ)
1	NSP3	TTDPSFLGRY	NSP3	1E6+TRBV27*01+CASSDRAANEKLFF+22+(S[DP]RA[AT]NEKL)	CASSDRAANEKLFF	TRBV27*01	TRBJ1-4*01	3.28209599603875e-08	22	(S[DP]RA[AT]NEKL)
1	NSP3	TTDPSFLGRY	NSP3	1E6+TRBV27*01+CASSQRDSQETQYF+22+(S[DQP]RD[ST][QK]ETQ)	CASSQRDSQETQYF	TRBV27*01	TRBJ2-5*01	4.06376186084933e-08	22	(S[DQP]RD[ST][QK]ETQ)
1	NSP3	TTDPSFLGRY	NSP3	1E6+TRBV27*01+CASSYRSGTDTQYF+14+(S[LPSY]R[DS]GTDTQ)	CASSYRSGTDTQYF	TRBV27*01	TRBJ2-3*01	5.30119153538906e-08	14	(S[LPSY]R[DS]GTDTQ)
1	NSP3	TTDPSFLGRY	NSP3	1E6+TRBV27*01+CASSPRGDPGETQYF+32+(S[FP][RS][G]?[DG]?P[RG]?[DE]TQ)	CASSPRGDPGETQYF	TRBV27*01	TRBJ2-5*01	9.20969551854659e-10	32	(S[FP][RS][G]?[DG]?P[RG]?[DE]TQ)
1	NSP3	TTDPSFLGRY	NSP3	1E6+TRBV27*01+CATGDRALNTEAFF+28+([GS]DR[AG][AGLP]NTEA)	CATGDRALNTEAFF	TRBV27*01	TRBJ1-1*01	3.26566359310814e-09	28	([GS]DR[AG][AGLP]NTEA)
1	NSP3	TTDPSFLGRY	NSP3	1E6+TRBV9*01+CASSAGDGNGYTF+22+(SAG[DE][GS][NDHS]GY)	CASSAGDGNGYTF	TRBV9*01	TRBJ1-2*01	3.06387810871539e-09	22	(SAG[DE][GS][NDHS]GY)
1	NSP3	TTDPSFLGRY	NSP3	1E6+TRBV27*01+CASAPSGPLDTQYF+32+([AS][LP]SGP[LV][DE]TQ)	CASAPSGPLDTQYF	TRBV27*01	TRBJ2-3*01	1.04258363263072e-10	32	([AS][LP]SGP[LV][DE]TQ)
1	NSP3	TTDPSFLGRY	NSP3	1E6+TRBV27*01+CASSPRGGHGDEQFF+32+(S[PS]R[QGSW][GP][H]?GDEQ)	CASSPRGGHGDEQFF	TRBV27*01	TRBJ2-1*01	4.26197237291577e-10	32	(S[PS]R[QGSW][GP][H]?GDEQ)
1	NSP3	TTDPSFLGRY	NSP3	1E6+TRBV27*01+CASSSRAGATDTQYF+22+(SSR[AS][AG][AS]?[T]?DTQ)	CASSSRAGATDTQYF	TRBV27*01	TRBJ2-3*01	6.55121128110898e-09	22	(SSR[AS][AG][AS]?[T]?DTQ)
1	NSP3	TTDPSFLGRY	NSP3	1E6+TRBV27*01+CASSPDSPYEQYF+20+(S[GLP]DS[P]?YEQ)	CASSPDSPYEQYF	TRBV27*01	TRBJ2-7*01	1.66271234745042e-07	20	(S[GLP]DS[P]?YEQ)
1	NSP3	TTDPSFLGRY	NSP3	1E6+TRBV27*01+CASSHRSGGDTQYF+22+(S[HSY]R[AS]G[GTW][DE]TQ)	CASSHRSGGDTQYF	TRBV27*01	TRBJ2-3*01	4.56342595264148e-09	22	(S[HSY]R[AS]G[GTW][DE]TQ)
1	NSP3	TTDPSFLGRY	NSP3	1E6+TRBV5-8*01+CASSLGGSYEQYF+20+(SL[GS][DGT][AS]YEQ)	CASSLGGSYEQYF	TRBV5-8*01	TRBJ2-7*01	3.77449824173497e-06	20	(SL[GS][DGT][AS]YEQ)
1	NSP3	TTDPSFLGRY	NSP3	1E6+TRBV27*01+CASSHRHGGDEQYF+22+([AS][HY]R[DGH]GGDEQ)	CASSHRHGGDEQYF	TRBV27*01	TRBJ2-7*01	3.89693523032931e-10	22	([AS][HY]R[DGH]GGDEQ)
1	NSP3	TTDPSFLGRY	NSP3	1E6+TRBV27*01+CASSPRSSVDEQFF+22+(SPRS[GS][AIV]DEQ)	CASSPRSSVDEQFF	TRBV27*01	TRBJ2-1*01	3.00228620533888e-10	22	(SPRS[GS][AIV]DEQ)
1	NSP3	TTDPSFLGRY	NSP3	1E6+TRBV6-5*01+CASSRLPTDTQYF+14+(S[RLY]LPTDTQ)	CASSRLPTDTQYF	TRBV6-5*01	TRBJ2-3*01	8.03197794920366e-08	14	(S[RLY]LPTDTQ)
1	NSP3	TTDPSFLGRY	NSP3	1E6+TRBV27*01+CASGIAGPTDTQYF+28+(G[DI][AR]GPTDTQ)	CASGIAGPTDTQYF	TRBV27*01	TRBJ2-3*01	1.49025245506187e-09	28	(G[DI][AR]GPTDTQ)
1	NSP3	TTDPSFLGRY	NSP3	1E6+TRBV27*01+CASSWTDSYNEQFF+20+(S[LW]TDSYNEQ)	CASSWTDSYNEQFF	TRBV27*01	TRBJ2-1*01	2.36614522407587e-08	20	(S[LW]TDSYNEQ)
1	NSP3	TTDPSFLGRY	NSP3	1E6+TRBV27*01+CASSDRDFLDEQFF+28+(S[DF]R[AD][GHFY]LD[ET]Q)	CASSDRDFLDEQFF	TRBV27*01	TRBJ2-1*01	1.65194962000174e-10	28	(S[DF]R[AD][GHFY]LD[ET]Q)
1	NSP3	TTDPSFLGRY	NSP3	1E6+TRBV27*01+CASSYDGPQYNEQFF+28+(S[LFY][DT][GY]P[QT]YNEQ)	CASSYDGPQYNEQFF	TRBV27*01	TRBJ2-1*01	9.71648680429522e-11	28	(S[LFY][DT][GY]P[QT]YNEQ)
1	NSP3	TTDPSFLGRY	NSP3	1E6+TRBV27*01+CASSLSGPVDEQFF+22+(S[LS]SGPV[NDE][ET]Q)	CASSLSGPVDEQFF	TRBV27*01	TRBJ2-1*01	1.42495021645605e-09	22	(S[LS]SGPV[NDE][ET]Q)
1	NSP3	TTDPSFLGRY	NSP3	1E6+TRBV2*01+CASSEGWQNYGYTF+22+(S[DE]GW[QS]?NYGY)	CASSEGWQNYGYTF	TRBV2*01	TRBJ1-2*01	5.04482459679164e-10	22	(S[DE]GW[QS]?NYGY)
1	NSP3	TTDPSFLGRY	NSP3	1E6+TRBV27*01+CASSPRTGIDLEQYF+34+(SP[RT][ST]GID[LY]?EQ)	CASSPRTGIDLEQYF	TRBV27*01	TRBJ2-7*01	1.47982858998814e-11	34	(SP[RT][ST]GID[LY]?EQ)
1	NSP3	TTDPSFLGRY	NSP3	1E6+TRBV27*01+CASSFRDYLDTQYF+22+(S[FY]RD[HY][LT]D[ET]Q)	CASSFRDYLDTQYF	TRBV27*01	TRBJ2-3*01	1.1528336823269e-09	22	(S[FY]RD[HY][LT]D[ET]Q)
1	NSP3	TTDPSFLGRY	NSP3	1E6+TRBV27*01+CASSADPGTSSYEQYF+34+(S[AS][NDT]PG[T]?[QFS]?[LST]YEQ)	CASSADPGTSSYEQYF	TRBV27*01	TRBJ2-7*01	4.95668970499276e-10	34	(S[AS][NDT]PG[T]?[QFS]?[LST]YEQ)
1	NSP3	TTDPSFLGRY	NSP3	1E6+TRBV27*01+CASSFRDLNEKLFF+26+(SFR[AD][GLT]NEKL)	CASSFRDLNEKLFF	TRBV27*01	TRBJ1-4*01	1.12223707231073e-08	26	(SFR[AD][GLT]NEKL)
1	NSP3	TTDPSFLGRY	NSP3	1E6+TRBV2*01+CASSEGWVIDTEAFF+36+(S[DE]G[QGW][V]?[ILM]?[ND]TEA)	CASSEGWVIDTEAFF	TRBV2*01	TRBJ1-1*01	1.58330519428361e-11	36	(S[DE]G[QGW][V]?[ILM]?[ND]TEA)
1	NSP3	TTDPSFLGRY	NSP3	1E6+TRBV6-5*01+CASKDGWSNQPQHF+28+([EK][DEP]G[WY][GS]NQPQ)	CASKDGWSNQPQHF	TRBV6-5*01	TRBJ1-5*01	4.25052811439619e-10	28	([EK][DEP]G[WY][GS]NQPQ)
1	NSP3	TTDPSFLGRY	NSP3	1E6+TRBV9*01+CASSAGDRGSGYTF+32+(SAG[DE][R]?[G]?[NIS]GY)	CASSAGDRGSGYTF	TRBV9*01	TRBJ1-2*01	3.66653783175292e-09	32	(SAG[DE][R]?[G]?[NIS]GY)
1	NSP3	TTDPSFLGRY	NSP3	1E6+TRBV27*01+CASTEREGRDTQYF+28+([ST][EP]RE[GS][RT][DE]TQ)	CASTEREGRDTQYF	TRBV27*01	TRBJ2-3*01	3.34059343553768e-10	28	([ST][EP]RE[GS][RT][DE]TQ)
1	NSP3	TTDPSFLGRY	NSP3	1E6+TRBV27*01+CASSSRGGWETQYF+22+(S[LS][RQ]GG[PW][DE]TQ)	CASSSRGGWETQYF	TRBV27*01	TRBJ2-5*01	1.28615463454287e-08	22	(S[LS][RQ]GG[PW][DE]TQ)
1	NSP3	TTDPSFLGRY	NSP3	1E6+TRBV28*01+CASGAGYSNQPQHF+22+([GS][AQT]GYSNQPQ)	CASGAGYSNQPQHF	TRBV28*01	TRBJ1-5*01	3.79834965536763e-08	22	([GS][AQT]GYSNQPQ)
1	NSP3	TTDPSFLGRY	NSP3	1E6+TRBV28*01+CASGTGYSNQPQHF+22+([GS][AQT]GYSNQPQ)	CASGTGYSNQPQHF	TRBV28*01	TRBJ1-5*01	1.361296105722e-07	22	([GS][AQT]GYSNQPQ)
1	NSP3	TTDPSFLGRY	NSP3	1E6+TRBV27*01+CASSSRGPHGDEQFF+32+(S[PS]RG[GP][H]?[GP]DEQ)	CASSSRGPHGDEQFF	TRBV27*01	TRBJ2-1*01	4.47312842433615e-11	32	(S[PS]RG[GP][H]?[GP]DEQ)
1	NSP3	TTDPSFLGRY	NSP3	1E6+TRBV5-6*01+CASSKEPYSNQPQHF+32+(S[AKF][QEG]PYSNQPQ)	CASSKEPYSNQPQHF	TRBV5-6*01	TRBJ1-5*01	2.82470048814226e-09	32	(S[AKF][QEG]PYSNQPQ)
1	NSP3	TTDPSFLGRY	NSP3	1E6+TRBV10-2*01+CASSEENTGELFF+22+(S[ELW][AE]NTGEL)	CASSEENTGELFF	TRBV10-2*01	TRBJ2-2*01	9.8023567550204e-08	22	(S[ELW][AE]NTGEL)
1	NSP3	TTDPSFLGRY	NSP3	1E6+TRBV5-8*01+CASSLSGSYEQYF+20+(SL[GS][DG]SYEQ)	CASSLSGSYEQYF	TRBV5-8*01	TRBJ2-7*01	1.09740521230513e-06	20	(SL[GS][DG]SYEQ)
1	NSP3	TTDPSFLGRY	NSP3	1E6+TRBV20-1*01+CSALGEDYEQYF+16+(L[AG]EDYEQ)	CSALGEDYEQYF	TRBV20-1*01	TRBJ2-7*01	5.60960469141406e-09	16	(L[AG]EDYEQ)
1	NSP3	TTDPSFLGRY	NSP3	1E6+TRBV27*01+CASSLTGPQYNEQFF+22+(SL[ST]GP[QI]YNEQ)	CASSLTGPQYNEQFF	TRBV27*01	TRBJ2-1*01	1.94011820901412e-09	22	(SL[ST]GP[QI]YNEQ)
1	NSP3	TTDPSFLGRY	NSP3	1E6+TRBV28*01+CASSMENTGELFF+16+(S[QMF]ENTGEL)	CASSMENTGELFF	TRBV28*01	TRBJ2-2*01	1.40741482026361e-08	16	(S[QMF]ENTGEL)
1	NSP3	TTDPSFLGRY	NSP3	1E6+TRBV27*01+CASSFDYPTYNEQFF+32+(S[FSY]D[GHY]P[QST]YNEQ)	CASSFDYPTYNEQFF	TRBV27*01	TRBJ2-1*01	8.69897946899887e-11	32	(S[FSY]D[GHY]P[QST]YNEQ)
1	NSP3	TTDPSFLGRY	NSP3	1E6+TRBV13*01+CASSADSGGSTDTQYF+34+(S[AS]D[LS]GG[GST]TDTQ)	CASSADSGGSTDTQYF	TRBV13*01	TRBJ2-3*01	1.23581549018711e-09	34	(S[AS]D[LS]GG[GST]TDTQ)
1	NSP3	TTDPSFLGRY	NSP3	1E6+TRBV28*01+CASSLAGGIVDEQFF+26+(SL[AS]GG[IV][LV][DV][ET]Q)	CASSLAGGIVDEQFF	TRBV28*01	TRBJ2-1*01	2.158997538216e-10	26	(SL[AS]GG[IV][LV][DV][ET]Q)
1	NSP3	TTDPSFLGRY	NSP3	1E6+TRBV27*01+CASSSTSGRVDTQYF+22+(S[ST]TSGR[ATV]DTQ)	CASSSTSGRVDTQYF	TRBV27*01	TRBJ2-3*01	6.9907910550426e-09	22	(S[ST]TSGR[ATV]DTQ)
1	NSP3	TTDPSFLGRY	NSP3	1E6+TRBV27*01+CASSASSGIDNEQFF+28+(S[AL]SSGID[NY]EQ)	CASSASSGIDNEQFF	TRBV27*01	TRBJ2-1*01	7.88044379730102e-10	28	(S[AL]SSGID[NY]EQ)
1	NSP3	TTDPSFLGRY	NSP3	1E6+TRBV30*01+CAWPLADTGELFF+32+(PLADTGEL)	CAWPLADTGELFF	TRBV30*01	TRBJ2-2*01	9.79196310979583e-10	32	(PLADTGEL)
1	NSP3	TTDPSFLGRY	NSP3	1E6+TRBV27*01+CASSLRDGQSDTQYF+26+(SLRDG[QY]?[GST]DTQ)	CASSLRDGQSDTQYF	TRBV27*01	TRBJ2-3*01	2.07036190707727e-10	26	(SLRDG[QY]?[GST]DTQ)
1	NSP3	TTDPSFLGRY	NSP3	1E6+TRBV27*01+CASTSEALPYNEQFF+34+([ST][LS]E[AT][AL]?PYNEQ)	CASTSEALPYNEQFF	TRBV27*01	TRBJ2-1*01	2.21950485170013e-11	34	([ST][LS]E[AT][AL]?PYNEQ)
1	NSP3	TTDPSFLGRY	NSP3	1E6+TRBV27*01+CASSDRGLANEKLFF+32+(SDR[AG][L]?[AP]NEKL)	CASSDRGLANEKLFF	TRBV27*01	TRBJ1-4*01	1.16058812433947e-08	32	(SDR[AG][L]?[AP]NEKL)
1	NSP3	TTDPSFLGRY	NSP3	1E6+TRBV27*01+CASSSTSGVTDTQYF+20+(S[LS]TSGVTDTQ)	CASSSTSGVTDTQYF	TRBV27*01	TRBJ2-3*01	2.69099055751404e-08	20	(S[LS]TSGVTDTQ)
1	NSP3	TTDPSFLGRY	NSP3	1E6+TRBV27*01+CASSPRSGSTDTQYF+20+(SP[RT]SG[S]?TDTQ)	CASSPRSGSTDTQYF	TRBV27*01	TRBJ2-3*01	3.1048177146557e-08	20	(SP[RT]SG[S]?TDTQ)
1	NSP3	TTDPSFLGRY	NSP3	1E6+TRBV27*01+CASSPDNYEQYF+10+(SPD[NS]YEQ)	CASSPDNYEQYF	TRBV27*01	TRBJ2-7*01	1.45106957265262e-07	10	(SPD[NS]YEQ)
1	NSP3	TTDPSFLGRY	NSP3	1E6+TRBV9*01+CASSAGWTDGYTF+32+(SAG[DW]?[ST][DG]GY)	CASSAGWTDGYTF	TRBV9*01	TRBJ1-2*01	1.20211574089812e-09	32	(SAG[DW]?[ST][DG]GY)
1	NSP3	TTDPSFLGRY	NSP3	1E6+TRBV5-8*01+CASSLDSNYEQYF+22+(S[RLV]DS[NS]YEQ)	CASSLDSNYEQYF	TRBV5-8*01	TRBJ2-7*01	6.43126952246039e-08	22	(S[RLV]DS[NS]YEQ)
1	NSP3	TTDPSFLGRY	NSP3	1E6+TRBV7-9*01+CASSGDTEAFF+10+(SGDTEA)	CASSGDTEAFF	TRBV7-9*01	TRBJ1-1*01	2.07985376213117e-06	10	(SGDTEA)
1	NSP3	TTDPSFLGRY	NSP3	1E6+TRBV6-5*01+CASTEGGYGYTF+20+([ST][DQE]GG[FY]GY)	CASTEGGYGYTF	TRBV6-5*01	TRBJ1-2*01	6.93911526958313e-08	20	([ST][DQE]GG[FY]GY)
1	NSP3	TTDPSFLGRY	NSP3	1E6+TRBV6-5*01+CASTDTDTQYF+10+(TD[ST]DTQ)	CASTDTDTQYF	TRBV6-5*01	TRBJ2-3*01	2.42858328270745e-07	10	(TD[ST]DTQ)
1	ORF3	ALSKGVHFV	ORF3	1E6+TRBV5-6*01+CASSLYGLGTEAFF+22+(SLYGLGTEA)	CASSLYGLGTEAFF	TRBV5-6*01	TRBJ1-1*01	2.51794013055898e-09	22	(SLYGLGTEA)
1	ORF3	LLYDANYFL	ORF3	1E6+TRBV11-3*01+CASSLGGTEAFF+22+(SLGG[AT]EA)	CASSLGGTEAFF	TRBV11-3*01	TRBJ1-1*01	2.21895499843897e-06	22	(SLGG[AT]EA)
1	Spike	YLQPRTFLL	Spike	1E6+TRBV7-9*01+CASSPDLEAFF+22+(S.[DE][IL][EK][AQ])	CASSPDLEAFF	TRBV7-9*01	TRBJ1-1*01	3.08584950488347e-08	22	(S.[DE][IL][EK][AQ])
1	Spike	YLQPRTFLL	Spike	1E6+TRBV7-9*01+CASSPDIEAFF+22+([ST].[DE][IL][EK][AQ])	CASSPDIEAFF	TRBV7-9*01	TRBJ1-1*01	2.2211107918449e-08	22	([ST].[DE][IL][EK][AQ])
1	Spike	YLQPRTFLL	Spike	1E6+TRBV7-9*01+CASSLDIEAFF+16+(S.DIE[AQL])	CASSLDIEAFF	TRBV7-9*01	TRBJ1-1*01	3.2195970308879e-08	16	(S.DIE[AQL])
1	Spike	YLQPRTFLL	Spike	1E6+TRBV7-9*01+CASSPDIEQYF+14+(S[LPTW]DI[AEGV][AQ])	CASSPDIEQYF	TRBV7-9*01	TRBJ2-7*01	5.23081267420412e-08	14	(S[LPTW]DI[AEGV][AQ])
1	Spike	YLQPRTFLL	Spike	1E6+TRBV7-9*01+CASSSDIEAFF+16+(S.DI[ES]A)	CASSSDIEAFF	TRBV7-9*01	TRBJ1-1*01	1.66983415561552e-08	16	(S.DI[ES]A)
1	Spike	YLQPRTFLL	Spike	1E6+TRBV7-9*01+CASSHDISLFF+34+(S[HLPS]DI[AES][AQL])	CASSHDISLFF	TRBV7-9*01	TRBJ2-1*01	4.36991155844238e-11	34	(S[HLPS]DI[AES][AQL])
1	Spike	YLQPRTFLL	Spike	1E6+TRBV7-9*01+CASSLDIELFF+22+(SL[DE]IE[AQL])	CASSLDIELFF	TRBV7-9*01	TRBJ1-4*01	9.70417493516714e-10	22	(SL[DE]IE[AQL])
1	Spike	YLQPRTFLL	Spike	1E6+TRBV5-1*01+CASMDENTGELFF+22+([NGLM][DE]ENTGEL)	CASMDENTGELFF	TRBV5-1*01	TRBJ2-2*01	2.31296659218812e-09	22	([NGLM][DE]ENTGEL)
1	Spike	YLQPRTFLL	Spike	1E6+TRBV5-1*01+CATLDENTGELFF+22+([NGLM][RDE][QE]NTGEL)	CATLDENTGELFF	TRBV5-1*01	TRBJ2-2*01	1.10096975839924e-09	22	([NGLM][RDE][QE]NTGEL)
1	Spike	YLQPRTFLL	Spike	1E6+TRBV5-1*01+CASGDENTGELFF+22+([NGLM][DET][ET]NTGEL)	CASGDENTGELFF	TRBV5-1*01	TRBJ2-2*01	6.79024263055714e-09	22	([NGLM][DET][ET]NTGEL)
1	Spike	YLQPRTFLL	Spike	1E6+TRBV19*01+CATQDQNTGELFF+28+(Q[DEGIY].NTGEL)	CATQDQNTGELFF	TRBV19*01	TRBJ2-2*01	3.53170427611134e-10	28	(Q[DEGIY].NTGEL)
1	Spike	YLQPRTFLL	Spike	1E6+TRBV7-8*01+CASQDQNTGELFF+32+([QEHS][DES][QST]NTGEL)	CASQDQNTGELFF	TRBV7-8*01	TRBJ2-2*01	1.08995939465364e-09	32	([QEHS][DES][QST]NTGEL)
1	Spike	YLQPRTFLL	Spike	1E6+TRBV2*01+CASSDLDTGELFF+20+([QS][DE][LM][ND]TGEL)	CASSDLDTGELFF	TRBV2*01	TRBJ2-2*01	7.2761480637034e-08	20	([QS][DE][LM][ND]TGEL)
1	Spike	YLQPRTFLL	Spike	1E6+TRBV2*01+CASSDMNTGELFF+20+([QS]D[LM][ND]TGEL)	CASSDMNTGELFF	TRBV2*01	TRBJ2-2*01	2.47172525411541e-08	20	([QS]D[LM][ND]TGEL)
1	Spike	YLQPRTFLL	Spike	1E6+TRBV2*01+CAEQDMNTGELFF+22+([QS][DEG][LM][ND]TGEL)	CAEQDMNTGELFF	TRBV2*01	TRBJ2-2*01	1.39579402450328e-11	22	([QS][DEG][LM][ND]TGEL)
1	Spike	YLQPRTFLL	Spike	1E6+TRBV2*01+CASQELDTGELFF+22+([QS][DE][LM][ND]TGEL)	CASQELDTGELFF	TRBV2*01	TRBJ2-2*01	7.207788694262e-10	22	([QS][DE][LM][ND]TGEL)
1	Spike	YLQPRTFLL	Spike	1E6+TRBV5-1*01+CASGDTNTGELFF+20+([GKT][DE][ET]NTGEL)	CASGDTNTGELFF	TRBV5-1*01	TRBJ2-2*01	1.5073607206441e-08	20	([GKT][DE][ET]NTGEL)
1	Spike	YLQPRTFLL	Spike	1E6+TRBV5-1*01+CATKDTNTGELFF+22+([GKST][DE][ST]NTGEL)	CATKDTNTGELFF	TRBV5-1*01	TRBJ2-2*01	1.48991944148545e-09	22	([GKST][DE][ST]NTGEL)
1	Spike	YLQPRTFLL	Spike	1E6+TRBV7-9*01+CALGEANTGELFF+22+([GS][DELS][AG]NTGEL)	CALGEANTGELFF	TRBV7-9*01	TRBJ2-2*01	2.38370482360396e-09	22	([GS][DELS][AG]NTGEL)
1	Spike	YLQPRTFLL	Spike	1E6+TRBV20-1*01+CSALRDKNTGELFF+22+([HLF]RD[RQK]NTGEL)	CSALRDKNTGELFF	TRBV20-1*01	TRBJ2-2*01	6.57476738149385e-10	22	([HLF]RD[RQK]NTGEL)
1	Spike	YLQPRTFLL	Spike	1E6+TRBV6-5*01+CAIEDLNTGELFF+22+([EMT][DE][LM]NTGEL)	CAIEDLNTGELFF	TRBV6-5*01	TRBJ2-2*01	3.50476997674683e-10	22	([EMT][DE][LM]NTGEL)
1	Spike	YLQPRTFLL	Spike	1E6+TRBV7-9*01+CALGSANTGELFF+22+(G[ELS][AG]NTGEL)	CALGSANTGELFF	TRBV7-9*01	TRBJ2-2*01	2.04814396751369e-09	22	(G[ELS][AG]NTGEL)
1	Spike	NYNYLYRLF	Spike	1E6+TRBV6-4*01+CASSEGQGYEQFF+16+(S[EP][GS][AQE]GYEQ)	CASSEGQGYEQFF	TRBV6-4*01	TRBJ2-1*01	2.3847378273736e-08	16	(S[EP][GS][AQE]GYEQ)
1	Spike	NYNYLYRLF	Spike	1E6+TRBV6-1*01+CASSEGQGYEAFF+22+(SEG[RQ]GYE[AQ])	CASSEGQGYEAFF	TRBV6-1*01	TRBJ1-1*01	9.11449762939256e-09	22	(SEG[RQ]GYE[AQ])
1	Spike	NYNYLYRLF	Spike	1E6+TRBV6-1*01+CASSEAGGYEQYF+0+(SEAGGYEQ)	CASSEAGGYEQYF	TRBV6-1*01	TRBJ2-7*01	3.95047922323487e-07	0	(SEAGGYEQ)
1	Spike	NQKLIANQF	Spike	1E6+TRBV7-2*01+CASSLEDTNYGYTF+16+(S[LF]EDT.YGY)	CASSLEDTNYGYTF	TRBV7-2*01	TRBJ1-2*01	1.46062752301266e-08	16	(S[LF]EDT.YGY)
1	Spike	NQKLIANQF	Spike	1E6+TRBV7-2*01+CASSLASEPYNEQFF+20+(SLA[GS]E[PS][WY]NEQ)	CASSLASEPYNEQFF	TRBV7-2*01	TRBJ2-1*01	4.21620507091797e-09	20	(SLA[GS]E[PS][WY]NEQ)
1	Spike	NQKLIANQF	Spike	1E6+TRBV11-2*01+CASSLTLRGGAGELFF+34+(SLT[L]?RGGAGEL)	CASSLTLRGGAGELFF	TRBV11-2*01	TRBJ2-2*01	6.23636260968234e-10	34	(SLT[L]?RGGAGEL)
